날짜,계좌,내용,금액 ,항목,상세 항목,거래 유형,할부,할부 개월,결제
2025/05/01 오후 8:00,우리카드 카드의 정석,투썸플레이스,"₩18,800",선택지출,데이트/모임,지출,FALSE,,TRUE
2025/05/01 오후 8:00,우리카드 카드의 정석,cgv판교,"₩2,500",선택지출,데이트/모임,지출,FALSE,,TRUE
2025/05/01 오후 8:00,우리카드 카드의 정석,지에스25 판교,"₩1,100",선택지출,데이트/모임,지출,FALSE,,TRUE
2025/05/01 오후 8:00,우리카드 카드의 정석,cgv판교 영화표,"₩28,840",선택지출,데이트/모임,지출,FALSE,,TRUE
2025/05/03 오전 12:00,우리카드 카드의 정석,애플,"₩6,500",선택지출,구독 서비스,지출,FALSE,,TRUE
2025/05/03 오전 12:00,우리카드 카드의 정석,애플,"₩2,500",선택지출,구독 서비스,지출,FALSE,,TRUE
2025/05/04 오전 12:00,우리카드 카드의 정석,런웨이 ai 플랫폼,"₩23,298",선택지출,구독 서비스,지출,FALSE,,TRUE
2025/05/05 오전 12:00,우리카드 카드의 정석,올리브영 로션 구매,"₩33,660",선택지출,의류/쇼핑,지출,FALSE,,TRUE
2025/05/05 오전 12:00,우리카드 카드의 정석,세븐틴코인노래연습장,"₩3,000",선택지출,"문화 (영화, 취미)",지출,FALSE,,TRUE
2025/05/05 오전 12:00,우리카드 카드의 정석,세븐틴코인노래연습장,"₩1,000",선택지출,"문화 (영화, 취미)",지출,FALSE,,TRUE
2025/05/05 오전 12:00,우리카드 카드의 정석,세븐틴코인노래연습장,₩760,선택지출,"문화 (영화, 취미)",지출,FALSE,,TRUE
2025/05/06 오전 12:00,우리카드 카드의 정석,이올로화덕피자,"₩38,000",선택지출,데이트/모임,지출,FALSE,,TRUE
2025/05/06 오전 12:00,우리카드 카드의 정석,알리페이 - 틸타 충전기 2개 구매 한 개는 영범이 선물,"₩67,848",선택지출,의류/쇼핑,지출,FALSE,,TRUE
2025/05/06 오전 12:00,우리카드 카드의 정석,투썸플레이스,"₩6,200",선택지출,데이트/모임,지출,FALSE,,TRUE
2025/05/07 오전 12:00,우리카드 카드의 정석,배민 자담치킨 결제,"₩23,000",선택지출,외식,지출,FALSE,,TRUE
2025/05/08 오전 12:00,우리카드 카드의 정석,브로시스에서 의환이랑 수다,"₩14,300",선택지출,데이트/모임,지출,FALSE,,TRUE
2025/05/08 오전 12:00,우리카드 카드의 정석,애플 클라우드 2TB 구독 결제,"₩11,100",선택지출,구독 서비스,지출,FALSE,,TRUE
2025/05/08 오전 12:00,우리카드 카드의 정석,gs부영 편의점에서 과자 구매,"₩9,400",선택지출,의류/쇼핑,지출,FALSE,,TRUE
2025/05/09 오전 12:00,우리카드 카드의 정석,gs부영 편의점에서 과자 구매,"₩7,900",선택지출,의류/쇼핑,지출,FALSE,,TRUE
2025/05/10 오전 12:00,우리카드 카드의 정석,브로시스 디카페인 아메리카노,"₩5,000",선택지출,데이트/모임,지출,FALSE,,TRUE
2025/05/11 오전 12:00,우리카드 카드의 정석,스윙 킥보드,"₩4,400",선택지출,교통비,지출,FALSE,,TRUE
2025/05/11 오전 12:00,우리카드 카드의 정석,스윙 킥보드,"₩3,000",선택지출,교통비,지출,FALSE,,TRUE
2025/05/11 오전 12:00,우리카드 카드의 정석,스윙 킥보드,"₩1,600",선택지출,교통비,지출,FALSE,,TRUE
2025/05/11 오전 12:00,우리카드 카드의 정석,스윙 킥보드,"₩1,600",선택지출,교통비,지출,FALSE,,TRUE
2025/05/12 오전 12:00,우리카드 카드의 정석,KT유선상품 할인13000적용,"₩37,050",필수지출,"통신비 (휴대폰, 인터넷)",지출,FALSE,,TRUE
2025/05/12 오전 12:00,우리카드 카드의 정석,메디컬 수 약국,"₩7,300",필수지출,의료비,지출,FALSE,,TRUE
2025/05/15 오후 8:00,우리카드 카드의 정석,현민이와 브로시스 수다,"₩4,300",선택지출,데이트/모임,지출,FALSE,,TRUE
2025/05/16 오전 12:00,우리카드 카드의 정석,주식회사 영상서비스,"₩8,000",선택지출,의류/쇼핑,지출,FALSE,,TRUE
2025/05/16 오후 12:00,우리카드 카드의 정석,우산 구매,"₩12,000",선택지출,의류/쇼핑,지출,FALSE,,TRUE
2025/05/16 오후 12:00,우리카드 카드의 정석,KT통신 요금,"₩72,060",필수지출,"통신비 (휴대폰, 인터넷)",지출,FALSE,,TRUE
2025/05/17 오전 12:00,마일리지 카카오페이,유튭에서 불렛 트레인 영화 구매,"₩1,200",선택지출,"문화 (영화, 취미)",지출,FALSE,,TRUE
2025/05/17 오후 7:00,우리카드 카드의 정석,아빠 치킨 사드렸습니다,"₩23,000",선택지출,외식,지출,FALSE,,TRUE
2025/05/18 오전 5:25,우리카드 카드의 정석,코인 노래방 결제,"₩3,000",선택지출,"문화 (영화, 취미)",지출,FALSE,,TRUE
2025/05/18 오전 5:25,우리카드 카드의 정석,코인 노래방 물 결제,"₩1,000",선택지출,"문화 (영화, 취미)",지출,FALSE,,TRUE
2025/05/18 오전 11:48,우리은행 생활비,한강수 병원비 이체,"₩31,800",필수지출,의료비,지출,FALSE,,TRUE
2025/05/18 오후 2:54,우리카드 카드의 정석,브로시스 디카페인 아메리카노,"₩5,000",선택지출,"문화 (영화, 취미)",지출,FALSE,,TRUE
2025/05/20 오전 9:00,우리은행 생활비,계좌이체로 병원비 지불,"₩291,900",필수지출,의료비,지출,FALSE,,TRUE
2025/05/20 오전 9:00,우리카드 카드의 정석,쿠팡에서 hdmi 케이블 구매,"₩5,790",선택지출,의류/쇼핑,지출,FALSE,,TRUE
2025/05/20 오전 9:00,우리카드 카드의 정석,미드저니 결제,"₩47,050",선택지출,구독 서비스,지출,FALSE,,TRUE
2025/05/21 오전 12:00,농협은행 보험,DB손해보험03505,"₩37,670",필수지출,보험료,지출,FALSE,,TRUE
2025/05/22 오전 10:00,우리은행 생활비,계좌이체로 병원비 지불,"₩28,800",필수지출,의료비,지출,FALSE,,TRUE
2025/05/22 오전 10:00,우리카드 카드의 정석,"트리르투 삼각대 구매
무이자 3개월","₩399,000",선택지출,의류/쇼핑,지출,TRUE,3,TRUE
2025/05/22 오전 10:00,우리카드 카드의 정석,"피지테크 롤러백 구매
무이자 3개월","₩287,000",선택지출,의류/쇼핑,지출,TRUE,6,TRUE
2025/05/22 오전 10:00,우리카드 카드의 정석,택시 결제,"₩6,000",선택지출,교통비,지출,FALSE,,TRUE
2025/05/22 오전 10:00,우리카드 카드의 정석,처방약(상처 재생 알약) 구매,"₩8,500",필수지출,의료비,지출,FALSE,,TRUE
2025/05/23 오전 12:00,농협은행 보험,삼성화재05021,"₩28,890",필수지출,보험료,지출,FALSE,,TRUE
2025/05/24 오전 12:00,우리은행 생활비,한강수 병원비 이체,"₩30,200",필수지출,의료비,지출,FALSE,,TRUE
2025/05/24 오전 12:00,우리카드 카드의 정석,네이버 페이 결제,"₩4,900",선택지출,구독 서비스,지출,FALSE,,TRUE
2025/05/24 오전 12:00,카카오뱅크 허브2,"남기호에게 이체
-피지테크 슬링백 중고 구매","₩105,000",선택지출,의류/쇼핑,지출,FALSE,,TRUE
2025/05/25 오후 1:58,우리카드 카드의 정석,보라와 노들섬 간식 구매,"₩3,200",선택지출,데이트/모임,지출,FALSE,,TRUE
2025/05/25 오후 2:04,우리카드 카드의 정석,보라와 노들섬 마녀 김밥 구매,"₩9,800",선택지출,데이트/모임,지출,FALSE,,TRUE
2025/05/25 오후 6:30,우리카드 카드의 정석,보라와 노들섬 간식 구매,"₩5,800",선택지출,데이트/모임,지출,FALSE,,TRUE
2025/05/25 오후 8:19,우리카드 카드의 정석,보라와 쉑쉑버거,"₩19,900",선택지출,데이트/모임,지출,FALSE,,TRUE
2025/05/25 오후 9:34,마일리지 카카오페이,카카오톡 서랍 결제,₩990,선택지출,구독 서비스,지출,FALSE,,TRUE
2025/05/25 오후 10:08,우리카드 카드의 정석,유니클로 선글라스 구매,"₩29,900",선택지출,의류/쇼핑,지출,FALSE,,TRUE
2025/05/26 오전 12:00,농협은행 보험,ABL생명05002,"₩13,340",필수지출,보험료,지출,FALSE,,TRUE
2025/05/26 오전 12:00,농협은행 보험,한화생명05-02,"₩42,571",필수지출,보험료,지출,FALSE,,TRUE
2025/05/26 오전 12:00,농협은행 보험,동양생명05-003,"₩171,351",필수지출,보험료,지출,FALSE,,TRUE
2025/05/26 오전 12:00,농협은행 보험,흥국생명05003GUN,"₩53,260",필수지출,보험료,지출,FALSE,,TRUE
2025/05/26 오전 12:00,농협은행 보험,흥국생명05017,"₩19,262",필수지출,보험료,지출,FALSE,,TRUE
2025/05/26 오전 12:00,농협은행 보험,농협손해보험2505-047,"₩34,202",필수지출,보험료,지출,FALSE,,TRUE
2025/05/26 오전 12:00,농협은행 보험,흥국화재05007,"₩25,037",필수지출,보험료,지출,FALSE,,TRUE
2025/05/26 오전 12:00,농협은행 보험,KB손해보험00705,"₩24,808",필수지출,보험료,지출,FALSE,,TRUE
2025/05/26 오전 10:14,우리은행 생활비,한강수 병원비 이체,"₩28,800",필수지출,의료비,지출,FALSE,,TRUE
2025/05/26 오후 10:49,우리카드 카드의 정석,"트리르투 삼각대 구매
무이자 6개월","₩387,000",선택지출,의류/쇼핑,지출,TRUE,6,TRUE
2025/05/28 오전 9:20,우리카드 카드의 정석,편의점에서 칫솔 세트 구매,"₩3,500",선택지출,의류/쇼핑,지출,FALSE,,TRUE
2025/05/28 오전 9:20,우리카드 카드의 정석,울란지 미니 파우치 구매,"₩8,000",선택지출,의류/쇼핑,지출,FALSE,,TRUE
2025/05/28 오후 1:57,농협은행 보험,kb 손해보험 납부,"₩9,950",필수지출,보험료,지출,FALSE,,TRUE
2025/05/28 오후 1:57,농협은행 보험,삼성생명계약,"₩7,354",필수지출,보험료,지출,FALSE,,TRUE
2025/05/29 오후 8:12,우리카드 카드의 정석,가화만사흥 음료 구매,"₩10,000",선택지출,데이트/모임,지출,FALSE,,TRUE
2025/05/29 오후 8:26,우리카드 카드의 정석,일회용 면도기 구매,"₩1,200",선택지출,의류/쇼핑,지출,FALSE,,TRUE
2025/05/30 오전 12:00,우리카드 카드의 정석,교통카드 버스 34건 결제,"₩29,400",필수지출,교통비,지출,FALSE,,TRUE
2025/05/30 오전 12:00,우리카드 카드의 정석,교통카드 지하철 51건 결제,"₩86,700",필수지출,교통비,지출,FALSE,,TRUE
2025/05/30 오후 8:46,우리카드 카드의 정석,인천 코랄리안 촬영차 석남역 보리밭 모텔 예약,"₩35,000",기타,특수 지출,지출,FALSE,,TRUE
2025/05/31 오전 12:00,우리카드 카드의 정석,세븐틴코인노래연습장 물 결제,"₩1,000",선택지출,"문화 (영화, 취미)",지출,FALSE,,TRUE
2025/05/31 오전 12:00,우리카드 카드의 정석,세븐틴코인노래연습장 물 결제,"₩3,000",선택지출,"문화 (영화, 취미)",지출,FALSE,,TRUE
2025/05/31 오전 12:00,우리카드 카드의 정석,석남역 숙소에서 촬영지로 택시 결제,"₩7,500",필수지출,교통비,지출,FALSE,,TRUE
2025/05/31 오전 12:00,우리카드 카드의 정석,석남역 숙소에서 먹을 샌드위치 구매,"₩5,400",필수지출,식비,지출,FALSE,,TRUE
2025/05/31 오전 12:00,우리카드 카드의 정석,"하이마트 샥즈 오픈스윔 프로 결제
-보라 생일 선물","₩212,890",대인관계비,"선물, 경조사비",지출,TRUE,6,TRUE
2025/05/31 오전 12:00,우리카드 카드의 정석,"하이마트 샥즈 오픈스윔 프로 결제
-보라 생일 선물","₩212,890",대인관계비,"선물, 경조사비",지출,TRUE,6,TRUE
2025/05/31 오전 12:00,현금,복권 구입,"₩10,000",선택지출,의류/쇼핑,지출,FALSE,,TRUE
2025/06/01 오후 1:46,우리카드 카드의 정석,서울식물원 2인 매표 결제,"₩10,000",선택지출,데이트/모임,지출,FALSE,,TRUE
2025/06/01 오후 2:09,우리카드 카드의 정석,서울식물원 앞 편의점에서 물 결제,"₩3,300",선택지출,데이트/모임,지출,FALSE,,TRUE
2025/06/02 오전 12:53,카카오뱅크 허브2,김대곤에게 입금 - 피지테크 파우치,"₩60,000",선택지출,의류/쇼핑,지출,FALSE,,TRUE
2025/06/02 오전 10:45,우리은행 생활비,김진우에게 누피 키보드 구매,"₩100,000",선택지출,의류/쇼핑,지출,FALSE,,TRUE
2025/06/02 오후 7:09,농협은행 보험,라이나05020,"₩552,500",필수지출,보험료,지출,FALSE,,TRUE
2025/06/03 오전 4:36,우리카드 카드의 정석,애플 아케이드 결제,"₩6,500",선택지출,구독 서비스,지출,FALSE,,TRUE
2025/06/05 오후 4:03,우리카드 카드의 정석,스윙 킥보드 결제,"₩1,400",선택지출,교통비,지출,FALSE,,TRUE
2025/06/05 오후 4:03,우리카드 카드의 정석,런웨이 ai 플랫폼,"₩22,981",선택지출,구독 서비스,지출,FALSE,,TRUE
2025/06/06 오후 4:47,우리카드 카드의 정석,"한강 편의점에서 돗자리, 라면 구매","₩28,700",선택지출,데이트/모임,지출,FALSE,,TRUE
2025/06/06 오후 8:24,우리카드 카드의 정석,강남 신세계 백화점에서 샌드위치 구매,"₩11,800",선택지출,데이트/모임,지출,FALSE,,TRUE
2025/06/07 오전 9:43,우리카드 카드의 정석,동두천 중앙역으로 택시 결제,"₩4,800",선택지출,교통비,지출,FALSE,,TRUE
2025/06/07 오전 11:06,우리은행 생활비,청담역 또타라커 결제,"₩4,600",선택지출,교통비,지출,FALSE,,TRUE
2025/06/07 오후 1:35,우리카드 카드의 정석,스튜디오로 택시 결제,"₩11,000",선택지출,교통비,지출,FALSE,,TRUE
2025/06/07 오후 6:05,우리은행 생활비,청담역 또타라커 결제,"₩4,600",선택지출,교통비,지출,FALSE,,TRUE
2025/06/07 오후 7:39,우리카드 카드의 정석,보라와 식당 제제,"₩41,000",선택지출,데이트/모임,지출,FALSE,,TRUE
2025/06/07 오후 9:00,우리카드 카드의 정석,양재 씨유에서 음료 구매,"₩1,800",선택지출,데이트/모임,지출,FALSE,,TRUE
2025/06/07 오후 11:48,우리카드 카드의 정석,부영 씨유에서 과자 음료 구매,"₩4,300",선택지출,외식,지출,FALSE,,TRUE
2025/06/08 오전 2:15,우리카드 카드의 정석,애플 클라우드 2TB 구독 결제,"₩11,100",선택지출,구독 서비스,지출,FALSE,,TRUE
2025/06/10 오전 10:17,우리은행 생활비,한강수 병원비 이체,"₩11,800",필수지출,의료비,지출,FALSE,,TRUE
2025/06/10 오후 5:22,우리은행 생활비,신남성연대로 정기회비 출금,"₩1,000",선택지출,구독 서비스,지출,FALSE,,TRUE
2025/06/10 오후 9:53,우리카드 카드의 정석,쿠팡에서 전기모기채 구매,"₩16,900",선택지출,의류/쇼핑,지출,FALSE,,TRUE
2025/06/11 오전 12:00,카카오뱅크 허브,대출금 이자 > 이수환 카카오뱅크 3333203267413,"₩18,523",금융/투자,이자,지출,FALSE,,TRUE
2025/06/11 오전 11:35,우리카드 카드의 정석,구글페이먼트코리아,"₩3,990",선택지출,구독 서비스,지출,FALSE,,TRUE
2025/06/11 오후 7:07,우리카드 카드의 정석,그린촬영시스템 nisi jetmag pro creator kt 구매,"₩415,800",선택지출,의류/쇼핑,지출,TRUE,6,TRUE
2025/06/12 오전 5:07,우리카드 카드의 정석,KT유선상품 자동납부-5627,"₩50,050",필수지출,"통신비 (휴대폰, 인터넷)",지출,FALSE,,TRUE
2025/06/12 오전 5:07,우리카드 카드의 정석,KT통신요금자동납부-229818,"₩72,060",필수지출,"통신비 (휴대폰, 인터넷)",지출,FALSE,,TRUE
2025/06/13 오전 10:21,우리카드 카드의 정석,KREAM 나이키 덩크 구매,"₩87,149",선택지출,의류/쇼핑,지출,TRUE,6,TRUE
2025/06/13 오후 1:41,우리카드 카드의 정석,인크커피다산 1호점,"₩10,800",선택지출,외식,지출,FALSE,,TRUE
2025/06/13 오후 8:28,우리카드 카드의 정석,코레일유통주식회사 (구리역 어묵),"₩3,000",선택지출,외식,지출,FALSE,,TRUE
2025/06/13 오후 9:35,우리카드 카드의 정석,코레일유통주식회사 (,"₩5,600",선택지출,외식,지출,FALSE,,TRUE
2025/06/14 오전 12:00,우리은행 생활비,동행복권 충전 지출 케이뱅크 70190010746385,"₩10,000",선택지출,"문화 (영화, 취미)",지출,FALSE,,TRUE
2025/06/14 오전 12:00,우리카드 카드의 정석,우리이비인후과의,"₩12,900",필수지출,의료비,지출,FALSE,,TRUE
2025/06/14 오전 12:00,우리카드 카드의 정석,조은피부비뇨기과,"₩36,100",필수지출,의료비,지출,FALSE,,TRUE
2025/06/15 오전 12:00,우리카드 카드의 정석,보라랑 CGV 인생은 아름다워 관람,"₩22,000",선택지출,데이트/모임,지출,FALSE,,TRUE
2025/06/15 오전 12:00,우리카드 카드의 정석,CJ CGV,"₩9,000",선택지출,데이트/모임,지출,FALSE,,TRUE
2025/06/16 오전 12:00,우리은행 생활비,쿠팡페이 자동결제(와우쿠팡),"₩7,890",선택지출,구독 서비스,지출,FALSE,,TRUE
2025/06/16 오전 12:00,우리카드 카드의 정석,타입캐스트(네오사피엔스 주식회),"₩9,900",선택지출,구독 서비스,지출,FALSE,,TRUE
2025/06/17 오전 12:00,우리카드 카드의 정석,회기역 치즈 도넛 결제,"₩1,700",선택지출,외식,지출,FALSE,,TRUE
2025/06/17 오전 12:00,우리카드 카드의 정석,Gs25 면도기 구매 본인,"₩6,300",필수지출,생활용품,지출,FALSE,,TRUE
2025/06/18 오전 12:00,우리은행 생활비,알리에서 > 2230 ssd / 하기비스 인클로져 구매,"₩141,600",선택지출,의류/쇼핑,지출,FALSE,,TRUE
2025/06/18 오후 9:44,농협은행 보험,메리츠화재,₩790,필수지출,보험료,지출,FALSE,0,TRUE
2025/06/19 오전 12:00,우리은행 생활비,네이버페이>1507양말 결제,"₩10,000",필수지출,생활용품,지출,FALSE,,TRUE
2025/06/19 오전 12:00,우리카드 카드의 정석,잉크커피에서 빵 결제,"₩6,800",선택지출,외식,지출,FALSE,,TRUE
2025/06/20 오전 12:00,우리카드 카드의 정석,잉크커피에서 빵 결제,"₩6,800",선택지출,외식,지출,FALSE,,TRUE
2025/06/20 오전 12:00,우리카드 카드의 정석,미드저니 결제,"₩45,896",선택지출,구독 서비스,지출,FALSE,,TRUE
2025/06/20 오전 12:00,우리카드 카드의 정석,맥도날드동두천지행 > 배고파서 집 가는 길에 저녁 사먹음,"₩7,400",선택지출,외식,지출,FALSE,,TRUE
2025/06/20 오전 12:00,우리카드 카드의 정석,세븐틴코인노래연습장 > 집 가는 길에 스트레스 해소하러 감,"₩3,000",선택지출,"문화 (영화, 취미)",지출,FALSE,,TRUE
2025/06/21 오전 12:00,우리은행 생활비,네이버페이충전,"₩20,000",선택지출,외식,지출,FALSE,null,TRUE
2025/06/21 오전 12:00,우리카드 카드의 정석,조은피부비뇨기과 > 요도염 진료 받으러 감,"₩5,100",필수지출,의료비,지출,FALSE,,TRUE
2025/06/22 오전 12:00,우리카드 카드의 정석,(주) 윗유어스 김실력포차 > 원석이랑 현석이 만나서 저녁 먹음,"₩83,300",선택지출,데이트/모임,지출,FALSE,,TRUE
2025/06/23 오전 12:00,우리은행 생활비,엘지 알뜰폰 요금,"₩5,000",필수지출,"통신비 (휴대폰, 인터넷)",지출,FALSE,0,TRUE
2025/06/23 오후 8:10,농협은행 보험,삼성화재06022,"₩28,890",필수지출,보험료,지출,FALSE,0,TRUE
2025/06/23 오후 8:14,농협은행 보험,DB손03606,"₩37,670",필수지출,보험료,지출,FALSE,0,TRUE
2025/06/24 오전 12:00,우리카드 카드의 정석,주식회사더스윙 5137********1003,"₩1,400",선택지출,교통비,지출,FALSE,,TRUE
2025/06/24 오전 12:00,우리카드 카드의 정석,네이버플러스 멤버십 5137********1003,"₩4,900",선택지출,구독 서비스,지출,FALSE,,TRUE
2025/06/24 오전 12:00,우리카드 카드의 정석,보람연합의원 5137********1003,"₩5,000",필수지출,의료비,지출,FALSE,,TRUE
2025/06/24 오전 12:00,우리카드 카드의 정석,보령약국 5137********1003,"₩29,700",필수지출,의료비,지출,FALSE,,TRUE
2025/06/24 오전 10:00,우리은행 생활비,한강수 병원비,"₩4,900",필수지출,의료비,지출,FALSE,0,TRUE
2025/06/24 오전 10:00,현금,한강수 병원 레이저 치료 결제,"₩800,000",필수지출,의료비,지출,FALSE,0,TRUE
2025/06/25 오전 12:00,우리카드 카드의 정석,다산수안과의원 5137********1003,"₩8,900",필수지출,의료비,지출,FALSE,,TRUE
2025/06/25 오전 12:00,우리카드 카드의 정석,도농베스트약국 본인 5137********1003,"₩15,200",필수지출,의료비,지출,FALSE,,TRUE
2025/06/25 오전 12:00,우리카드 카드의 정석,주식회사더스윙(카드/5137********1003),"₩2,840",선택지출,교통비,지출,FALSE,,TRUE
2025/06/25 오전 12:00,우리카드 카드의 정석,롯데물산 (주) 롯데월 5137********1003,"₩105,000",선택지출,데이트/모임,지출,FALSE,,TRUE
2025/06/25 오전 12:00,우리카드 카드의 정석,(주) 제이오케이컴퍼 5137********1003,"₩31,000",선택지출,데이트/모임,지출,FALSE,,TRUE
2025/06/25 오후 7:05,농협은행 보험,흥화06008,"₩25,037",필수지출,보험료,지출,FALSE,0,TRUE
2025/06/25 오후 7:18,농협은행 보험,한화생명 보험료,"₩42,571",필수지출,보험료,지출,FALSE,0,TRUE
2025/06/25 오후 7:18,농협은행 보험,흥국06003GUN,"₩53,260",필수지출,보험료,지출,FALSE,0,TRUE
2025/06/25 오후 7:20,농협은행 보험,동양06-003건,"₩171,351",필수지출,보험료,지출,FALSE,0,TRUE
2025/06/25 오후 7:20,농협은행 보험,농손2506-048,"₩34,202",필수지출,보험료,지출,FALSE,0,TRUE
2025/06/25 오후 7:20,농협은행 보험,흥국06018,"₩19,262",필수지출,보험료,지출,FALSE,0,TRUE
2025/06/25 오후 7:21,농협은행 보험,ABL생명,"₩13,340",필수지출,보험료,지출,FALSE,0,TRUE
2025/06/25 오후 7:22,농협은행 보험,삼생06002회,"₩7,354",필수지출,보험료,지출,FALSE,0,TRUE
2025/06/25 오후 8:12,농협은행 보험,KB손00806,"₩24,808",필수지출,보험료,지출,FALSE,0,TRUE
2025/06/27 오전 12:00,우리은행 생활비,코랄리안 더 라임 모텔 결제,"₩40,000",필수지출,교통비,지출,FALSE,0,TRUE
2025/06/27 오전 12:00,우리은행 생활비,더 라임 모텔 어메니티 구매,"₩1,000",필수지출,교통비,지출,FALSE,0,TRUE
2025/06/27 오전 12:00,우리카드 카드의 정석,자담치킨 석남점 본인 5137********1003,"₩20,000",선택지출,외식,지출,FALSE,,TRUE
2025/06/28 오전 12:00,우리은행 생활비,중고 거래 피지테크 슬링백 구매,"₩65,000",선택지출,의류/쇼핑,지출,FALSE,0,TRUE
2025/06/29 오전 12:00,우리은행 생활비,블런드 스톤 방수 스프레이,"₩20,000",선택지출,의류/쇼핑,지출,FALSE,0,TRUE
2025/06/29 오전 10:11,농협은행 보험,결산소득세,₩70,필수지출,세금,지출,FALSE,0,TRUE
2025/06/30 오전 12:00,우리카드 카드의 정석,교통-지하철(본인 5137********1003),"₩92,700",필수지출,교통비,지출,FALSE,,TRUE
2025/06/30 오전 12:00,우리카드 카드의 정석,교통-버스 5137********1003,"₩26,350",필수지출,교통비,지출,FALSE,,TRUE
2025/06/30 오후 7:11,농협은행 보험,라이나06021,"₩552,500",필수지출,보험료,지출,FALSE,0,TRUE
2025/07/01 오전 12:00,우리은행 생활비,뉴발란스 신발 구매,"₩150,000",선택지출,의류/쇼핑,지출,FALSE,0,TRUE
2025/07/02 오전 9:39,농협은행 교통비,교통비 결제,"₩8,370",필수지출,교통비,지출,FALSE,0,TRUE
2025/07/02 오후 1:02,농협은행 보험,KB손해보험 - 정기보험료,"₩9,950",필수지출,보험료,지출,FALSE,0,TRUE
2025/07/03 오전 4:36,우리카드 카드의 정석,Apple 아케이드,"₩6,500",선택지출,구독 서비스,지출,FALSE,0,TRUE
2025/07/03 오후 5:55,우리은행 생활비,씨유(CU) 다산현,"₩4,000",선택지출,외식,지출,FALSE,0,TRUE
2025/07/03 오후 10:29,우리은행 생활비,크림 닥터마틴 뮬 구매,"₩90,000",선택지출,의류/쇼핑,지출,FALSE,0,TRUE
2025/07/05 오전 7:47,우리카드 카드의 정석,전동킥보드 운행,"₩1,600",필수지출,교통비,지출,FALSE,0,TRUE
2025/07/05 오전 11:49,우리은행 생활비,씨플롯 헤어 미용,"₩198,000",선택지출,의류/쇼핑,지출,FALSE,0,TRUE
2025/07/05 오후 12:19,우리은행 생활비,(주)케이에프씨 케엪씨 식사,"₩9,800",선택지출,외식,지출,FALSE,0,TRUE
2025/07/05 오후 7:24,우리은행 생활비,복권 구매,"₩10,000",금융/투자,투자금,지출,FALSE,0,TRUE
2025/07/06 오후 1:48,우리은행 생활비,스타벅스 커피,"₩6,700",선택지출,보험료,지출,FALSE,0,TRUE
2025/07/06 오후 2:01,우리은행 생활비,주식회사 놀유니버스 요시고 전시회,"₩40,000",선택지출,데이트/모임,지출,FALSE,0,TRUE
2025/07/06 오후 4:45,우리은행 생활비,투썸 보라와 커피,"₩10,400",선택지출,데이트/모임,지출,FALSE,0,TRUE
2025/07/06 오후 9:33,우리은행 생활비,바움피앤에스 주식회사 홀릭 진토닉,"₩11,000",선택지출,외식,지출,FALSE,0,TRUE
2025/07/07 오후 2:31,우리카드 카드의 정석,구글 드라이브 구독 서비스,"₩2,400",선택지출,구독 서비스,지출,FALSE,0,TRUE
2025/07/08 오전 1:53,우리카드 카드의 정석,원 드라이브 구독 서비스,"₩1,900",선택지출,구독 서비스,지출,FALSE,0,TRUE
2025/07/08 오전 2:17,우리카드 카드의 정석,애플 클라우드 구독 서비스,"₩11,100",선택지출,구독 서비스,지출,FALSE,0,TRUE
2025/07/09 오후 7:46,우리카드 카드의 정석,주식회사더스윙 전동킥보드 운행,"₩2,580",필수지출,교통비,지출,FALSE,0,TRUE
2025/07/09 오후 9:25,우리은행 생활비,커피빈 강남역세 보라와 커피,"₩12,000",선택지출,데이트/모임,지출,FALSE,0,TRUE
2025/07/10 오전 3:26,우리은행 생활비,국민의힘 국민의 당원비 구독 서비스,"₩1,000",선택지출,구독 서비스,지출,FALSE,0,TRUE
2025/07/10 오후 4:21,우리은행 생활비,네이버페이 모프트 스냅온 프리미엄 지갑 구매,"₩31,400",선택지출,의류/쇼핑,지출,FALSE,0,TRUE
2025/07/10 오후 5:19,우리은행 생활비,신남연 구독 서비스,"₩1,000",선택지출,구독 서비스,지출,FALSE,0,TRUE
2025/07/11 오전 11:30,우리카드 카드의 정석,구글페이먼트코리아,"₩3,990",선택지출,구독 서비스,지출,FALSE,0,TRUE
2025/07/11 오후 5:17,우리은행 생활비,알리 결제,"₩65,297",선택지출,의류/쇼핑,지출,FALSE,0,TRUE
2025/07/12 오후 12:34,우리은행 생활비,메가엠지씨커피 수원국세청삼거리점,"₩7,500",선택지출,외식,지출,FALSE,0,TRUE
2025/07/12 오후 12:43,우리은행 생활비,피지테크 폰 그립 중고거래,"₩85,000",선택지출,의류/쇼핑,지출,FALSE,0,TRUE
2025/07/12 오후 2:31,우리은행 생활비,이동의즐거움_택시_9,"₩11,000",필수지출,교통비,지출,FALSE,0,TRUE
2025/07/13 오후 3:01,우리카드 카드의 정석,Epidemic Sound AB * Tr Stockholm S,"₩59,132",선택지출,구독 서비스,지출,FALSE,0,TRUE
2025/07/14 오전 12:12,우리은행 생활비,WWW.ALIEXPRESS.COM LONDON GB,"₩29,821",선택지출,의류/쇼핑,지출,FALSE,0,TRUE
2025/07/14 오전 5:09,우리카드 카드의 정석,KT유선상품 자동납부-5627,"₩37,050",필수지출,"통신비 (휴대폰, 인터넷)",지출,FALSE,0,TRUE
2025/07/14 오전 5:09,우리카드 카드의 정석,KT통신요금자동납부-229818,"₩72,060",필수지출,"통신비 (휴대폰, 인터넷)",지출,FALSE,0,TRUE
2025/07/14 오전 8:15,우리카드 카드의 정석,Apple 파컷 결제,"₩6,900",선택지출,구독 서비스,지출,FALSE,0,TRUE
2025/07/14 오전 9:34,농협은행 교통비,NH체크후불 케이패스 교농카드 부분 결제,"₩4,430",필수지출,"통신비 (휴대폰, 인터넷)",지출,FALSE,0,TRUE
2025/07/14 오후 12:00,카카오뱅크 허브,대출이자,"₩18,493",금융/투자,이자,지출,FALSE,0,TRUE
2025/07/14 오후 5:13,우리은행 생활비,쿠팡 캐리어 바퀴 커버,"₩8,400",선택지출,의류/쇼핑,지출,FALSE,0,TRUE
2025/07/14 오후 8:24,우리은행 생활비,코레일유통주식회사(구리역) 클린징 젤 구입,"₩25,000",선택지출,의류/쇼핑,지출,FALSE,0,TRUE
2025/07/15 오후 6:21,카카오뱅크 허브,LGU+,"₩1,899",필수지출,"통신비 (휴대폰, 인터넷)",지출,FALSE,0,TRUE
2025/07/15 오후 8:09,우리은행 생활비,건보료 결제,"₩45,700",필수지출,보험료,지출,FALSE,0,TRUE
2025/07/16 오전 9:44,카카오뱅크 허브,쿠팡 쿠팡와우월회비,"₩7,890",선택지출,구독 서비스,지출,FALSE,0,TRUE
2025/07/16 오후 3:55,우리은행 생활비,지방세입금 의정부 집 지방세,"₩45,780",필수지출,세금,지출,FALSE,0,TRUE
2025/07/16 오후 3:59,우리은행 생활비,답십리 집 재산세,"₩105,880",필수지출,세금,지출,FALSE,0,TRUE
2025/07/16 오후 5:53,우리은행 생활비,네이버페이 하코 인두기 및 납땜 재료 구매,"₩100,000",선택지출,의류/쇼핑,지출,FALSE,0,TRUE
2025/07/16 오후 6:18,우리은행 생활비,초컬릿 구입,"₩2,400",선택지출,외식,지출,FALSE,0,TRUE
2025/07/17 오후 5:19,우리은행 생활비,홀리랜드 마이크 구매,"₩400,000",선택지출,의류/쇼핑,지출,FALSE,0,TRUE
2025/07/18 오후 6:10,카카오뱅크 허브,LGU+80749818,"₩3,601",필수지출,"통신비 (휴대폰, 인터넷)",지출,FALSE,0,TRUE
2025/07/19 오후 6:10,우리카드 카드의 정석,(주) 우아한형제들 아빠 치킨 사드림,"₩23,500",선택지출,외식,지출,FALSE,0,TRUE
2025/07/20 오후 1:56,우리은행 생활비,투썸플레이스 보라랑 커피,"₩12,600",선택지출,데이트/모임,지출,FALSE,0,TRUE
2025/07/20 오후 5:25,우리카드 카드의 정석,MIDJOURNEY INC. SOUTH SAN FRA U SA,"₩47,000",선택지출,구독 서비스,지출,FALSE,0,TRUE
2025/07/20 오후 11:21,우리은행 생활비,지에스25 동두천부영점 과자 구입,"₩1,590",선택지출,외식,지출,FALSE,0,TRUE
2025/07/21 오전 11:51,우리카드 카드의 정석,Apple 펄라 앱,"₩5,500",선택지출,구독 서비스,지출,FALSE,0,TRUE
2025/07/21 오후 8:10,농협은행 보험,DB손해보험 - 보험료 납부,"₩37,670",필수지출,보험료,지출,FALSE,0,TRUE
2025/07/21 오후 8:57,우리은행 생활비,지에스25 동두천부영점 과자 구입,"₩1,590",선택지출,외식,지출,FALSE,0,TRUE
2025/07/22 오전 9:28,농협은행 교통비,케이패스 교통카드 부분 결제,"₩50,000",필수지출,교통비,지출,FALSE,0,TRUE
2025/07/22 오후 9:12,우리카드 카드의 정석,CJ더마켓 올리브영 그루밍 토닉 구매,"₩13,900",선택지출,의류/쇼핑,지출,FALSE,0,TRUE
2025/07/22 오후 10:32,우리카드 카드의 정석,쿠팡 회사 우산클립 구매,"₩13,000",기타,특수 지출,지출,FALSE,0,TRUE
2025/07/23 오전 10:20,농협은행 보험,삼성화재해상보험,"₩28,890",필수지출,보험료,지출,FALSE,0,TRUE
2025/07/24 오전 3:13,우리은행 급여,현대상조 납부,"₩15,000",필수지출,보험료,지출,FALSE,0,TRUE
2025/07/24 오전 3:13,우리은행 급여,현대상조 결제,"₩15,000",필수지출,보험료,지출,FALSE,0,TRUE
2025/07/24 오전 11:05,우리카드 카드의 정석,네이버플러스 멤버십 결제,"₩4,900",선택지출,구독 서비스,지출,FALSE,0,TRUE
2025/07/24 오전 11:12,우리카드 카드의 정석,쿠팡 카시오 시계 구매,"₩25,500",선택지출,의류/쇼핑,지출,FALSE,0,TRUE
2025/07/24 오후 9:47,우리은행 급여,아워셀브스 셔츠 구매,"₩114,000",선택지출,의류/쇼핑,지출,FALSE,0,TRUE
2025/07/25 오후 7:07,농협은행 보험,동양생명보험,"₩171,351",필수지출,보험료,지출,FALSE,0,TRUE
2025/07/25 오후 7:09,농협은행 보험,한화생명,"₩42,571",필수지출,보험료,지출,FALSE,0,TRUE
2025/07/25 오후 7:13,농협은행 보험,흥국생명보험,"₩19,262",필수지출,보험료,지출,FALSE,0,TRUE
2025/07/25 오후 7:13,농협은행 보험,농손2507-049,"₩34,202",필수지출,보험료,지출,FALSE,0,TRUE
2025/07/25 오후 7:15,농협은행 보험,삼성생명보험,"₩7,354",필수지출,보험료,지출,FALSE,0,TRUE
2025/07/25 오후 7:18,농협은행 보험,ABL생명보험,"₩13,340",필수지출,보험료,지출,FALSE,0,TRUE
2025/07/25 오후 7:18,농협은행 보험,흥국생명보험,"₩53,260",필수지출,보험료,지출,FALSE,0,TRUE
2025/07/25 오후 7:25,농협은행 보험,흥국화재해상보험,"₩25,037",필수지출,보험료,지출,FALSE,0,TRUE
2025/07/25 오후 7:25,농협은행 보험,메리츠화재보험,₩790,필수지출,보험료,지출,FALSE,0,TRUE
2025/07/25 오후 8:02,우리카드 카드의 정석,주식회사더스윙 스윙 결제,"₩3,100",필수지출,교통비,지출,FALSE,0,TRUE
2025/07/25 오후 8:13,농협은행 보험,KB손해보험,"₩24,808",필수지출,보험료,지출,FALSE,0,TRUE
2025/07/26 오후 2:01,우리카드 카드의 정석,세븐틴코인노래연습장 코인 노래방 결제,"₩3,000",선택지출,"문화 (영화, 취미)",지출,FALSE,0,TRUE
2025/07/26 오후 2:22,우리카드 카드의 정석,세븐틴코인노래연습 코인노래방 결제,"₩1,000",선택지출,"문화 (영화, 취미)",지출,FALSE,0,TRUE
2025/07/27 오후 12:59,우리카드 카드의 정석,주식회사더스윙 스윙 결제,"₩2,000",필수지출,교통비,지출,FALSE,0,TRUE
2025/07/27 오후 1:01,우리카드 카드의 정석,코레일유통주식회사 편의점에서 칼 구매,"₩1,700",선택지출,의류/쇼핑,지출,FALSE,0,TRUE
2025/07/27 오후 5:03,우리카드 카드의 정석,더현대 서울 보라랑 주스 구매,"₩14,300",선택지출,데이트/모임,지출,FALSE,0,TRUE
2025/07/27 오후 7:41,우리카드 카드의 정석,무인양품 보라랑 과자 구매,"₩6,800",선택지출,데이트/모임,지출,FALSE,0,TRUE
2025/07/27 오후 11:31,우리카드 카드의 정석,지에스25 동두천부 과자 구매,"₩6,080",선택지출,외식,지출,FALSE,0,TRUE
2025/07/28 오후 1:09,우리카드 카드의 정석,쿠팡 hdmi젠더 구매,"₩4,730",선택지출,의류/쇼핑,지출,FALSE,0,TRUE
2025/07/29 오전 12:08,우리카드 카드의 정석,네이버페이 힐링쉴드 ar 강화유리 구매,"₩14,220",선택지출,의류/쇼핑,지출,FALSE,0,TRUE
2025/07/31 오전 10:11,농협은행 보험,라이나생명보험,"₩552,500",필수지출,보험료,지출,FALSE,0,TRUE
2025/07/31 오후 1:28,우리카드 카드의 정석,쿠팡 주식회사>쿠팡 쇼핑,"₩83,280",선택지출,의류/쇼핑,지출,FALSE,0,TRUE
2025/08/02 오전 10:32,우리카드 카드의 정석,에이로브,"₩20,000",선택지출,의류/쇼핑,지출,FALSE,0,TRUE
2025/08/02 오후 4:28,우리은행 생활비,서울도시철도엔지니어링(주),"₩3,100",선택지출,데이트/모임,지출,FALSE,0,TRUE
2025/08/02 오후 4:29,우리은행 생활비,서울도시철도엔지니어링(주),"₩4,600",선택지출,데이트/모임,지출,FALSE,0,TRUE
2025/08/02 오후 4:30,우리은행 생활비,서울도시철도엔지니어링(주),"₩3,100",선택지출,데이트/모임,지출,FALSE,0,TRUE
2025/08/02 오후 4:47,우리카드 카드의 정석,롯데시네마 서울대입구 라면세트,"₩12,500",선택지출,데이트/모임,지출,FALSE,0,TRUE
2025/08/02 오후 5:26,우리카드 카드의 정석,롯데시네마 서울대입 팝콘,"₩8,000",선택지출,데이트/모임,지출,FALSE,0,TRUE
2025/08/02 오후 8:32,우리은행 생활비,서울도시철도엔지니어링(주),₩500,선택지출,데이트/모임,지출,FALSE,0,TRUE
2025/08/02 오후 8:33,우리은행 생활비,서울도시철도엔지니어링(주),₩500,선택지출,데이트/모임,지출,FALSE,0,TRUE
2025/08/02 오후 8:34,우리은행 생활비,서울도시철도엔지니어링(주),₩800,선택지출,데이트/모임,지출,FALSE,0,TRUE
2025/08/03 오후 12:11,우리카드 카드의 정석,Apple 애플스토어,"₩10,000",선택지출,"문화 (영화, 취미)",지출,FALSE,0,TRUE
2025/08/04 오전 8:20,우리카드 카드의 정석,주식회사더스윙 교통 이용,"₩2,400",필수지출,교통비,지출,FALSE,0,TRUE
2025/08/04 오전 9:36,농협은행 교통비,NH체크후불,"₩50,000",필수지출,교통비,지출,FALSE,0,FALSE
2025/08/04 오후 8:58,우리카드 카드의 정석,회기역 치즈 도넛 결제,"₩2,600",선택지출,외식,지출,FALSE,0,TRUE
2025/08/05 오전 9:32,우리카드 카드의 정석,(주)현대포맥스,"₩44,000",선택지출,교육/자기계발,지출,FALSE,0,TRUE
2025/08/05 오후 9:52,우리카드 카드의 정석,편의점,"₩4,400",보류,보류,지출,FALSE,0,TRUE
2025/08/06 오전 12:00,우리카드 카드의 정석,애플스토어,"₩7,500",선택지출,구독 서비스,지출,FALSE,0,TRUE
2025/08/06 오후 3:58,우리은행 생활비,네이버페이충전 마이크론2400 구매,"₩170,000",선택지출,IT/카메라,지출,FALSE,0,TRUE
2025/08/06 오후 4:05,우리은행 생활비,네이버페이충전 울란지 맥세이프 그립 구매,"₩30,000",선택지출,IT/카메라,지출,FALSE,0,TRUE
2025/08/06 오후 9:59,우리카드 카드의 정석,지에스25 동두천부,"₩1,590",선택지출,외식,지출,FALSE,0,TRUE
2025/08/07 오전 1:00,우리카드 카드의 정석,구글페이먼트코,"₩2,400",선택지출,구독 서비스,지출,FALSE,0,TRUE
2025/08/08 오전 12:00,우리카드 카드의 정석,구글페이먼트코리아,"₩1,900",선택지출,구독 서비스,지출,FALSE,0,TRUE
2025/08/08 오전 2:16,우리카드 카드의 정석,Apple,"₩11,100",선택지출,구독 서비스,지출,FALSE,0,TRUE
2025/08/08 오전 10:00,우리카드 카드의 정석,이동의즐거움_택시,"₩5,600",필수지출,교통비,지출,FALSE,0,TRUE
2025/08/08 오후 6:42,우리카드 카드의 정석,이동의즐거움_택시8,"₩5,400",필수지출,교통비,지출,FALSE,0,TRUE
2025/08/08 오후 9:22,우리카드 카드의 정석,산오리,"₩60,000",선택지출,외식,지출,FALSE,0,TRUE
2025/08/09 오후 4:01,우리카드 카드의 정석,카카오모빌리티,"₩24,400",선택지출,IT/카메라,지출,FALSE,0,TRUE
2025/08/10 오후 5:28,우리카드 카드의 정석,OPENAI *CHATGPT SUBSCR SAN FRANCISCO USA,"₩30,764",선택지출,구독 서비스,지출,FALSE,0,TRUE
2025/08/11 오전 3:28,우리은행 생활비,국민의힘당비,"₩1,000",선택지출,구독 서비스,지출,FALSE,0,TRUE
2025/08/11 오전 11:30,우리카드 카드의 정석,구글페이먼트코리아,"₩3,990",선택지출,구독 서비스,지출,FALSE,0,TRUE
2025/08/11 오후 4:47,우리카드 카드의 정석,쿠팡 주식회사,"₩11,580",선택지출,의류/쇼핑,지출,FALSE,0,TRUE
2025/08/12 오전 4:03,카카오뱅크 허브,대출이자,"₩8,509",금융/투자,이자,지출,FALSE,0,FALSE
2025/08/12 오전 4:59,우리카드 카드의 정석,KT유선상품 자동납부-5627,"₩50,050",필수지출,"통신비 (휴대폰, 인터넷)",지출,FALSE,0,TRUE
2025/08/12 오전 4:59,우리카드 카드의 정석,KT통신요금자동납부-229818,"₩72,060",필수지출,"통신비 (휴대폰, 인터넷)",지출,FALSE,0,TRUE
2025/08/12 오전 9:17,농협은행 교통비,NH체크후불,"₩50,000",필수지출,교통비,지출,FALSE,0,FALSE
2025/08/12 오후 2:22,우리은행 생활비,네이버페이충전,"₩50,000",선택지출,IT/카메라,지출,FALSE,0,TRUE
2025/08/13 오전 9:30,카카오뱅크 허브,대출이자,"₩10,000",금융/투자,이자,지출,FALSE,0,FALSE
2025/08/13 오전 11:30,카카오뱅크 허브,대출이자,₩549,금융/투자,이자,지출,FALSE,0,FALSE
2025/08/13 오후 3:01,우리카드 카드의 정석,EpidemicSound - 해외결제,"₩58,089",선택지출,구독 서비스,지출,FALSE,0,TRUE
2025/08/16 오전 9:41,우리은행 생활비,쿠팡,"₩7,890",선택지출,의류/쇼핑,지출,FALSE,0,TRUE
2025/08/16 오후 3:40,우리은행 생활비,주식회사 쏘카,"₩53,000",선택지출,교육/자기계발,지출,FALSE,0,TRUE
2025/08/16 오후 7:50,우리은행 생활비,신한안재형(독수리복),"₩5,000",선택지출,의류/쇼핑,지출,FALSE,0,TRUE
2025/08/17 오전 11:40,우리카드 카드의 정석,다산현대프리미어캠퍼,"₩3,000",선택지출,교육/자기계발,지출,FALSE,0,TRUE
2025/08/17 오후 3:44,우리카드 카드의 정석,비버스키친,"₩17,100",선택지출,데이트/모임,지출,FALSE,0,TRUE
2025/08/17 오후 7:53,우리은행 생활비,주식회사 쏘카,"₩28,350",선택지출,교육/자기계발,지출,FALSE,0,TRUE
2025/08/18 오후 12:00,우리은행 생활비,주식회사 쏘카,"₩5,800",선택지출,교육/자기계발,지출,FALSE,0,TRUE
2025/08/18 오후 6:25,카카오뱅크 허브,LGU+80749818,₩451,필수지출,"통신비 (휴대폰, 인터넷)",지출,FALSE,0,FALSE
2025/08/18 오후 7:06,우리카드 카드의 정석,한국정보인증,"₩3,500",선택지출,교육/자기계발,지출,FALSE,0,TRUE
2025/08/19 오전 1:41,카카오뱅크 허브2,알리 익스프레스,"₩100,170",선택지출,의류/쇼핑,지출,FALSE,0,FALSE
2025/08/19 오전 7:09,우리카드 카드의 정석,카카오T 일반택시,"₩4,800",필수지출,교통비,지출,FALSE,0,TRUE
2025/08/19 오전 11:38,우리카드 카드의 정석,씨유(CU) 다산현,"₩2,800",선택지출,외식,지출,FALSE,0,TRUE
2025/08/20 오전 3:33,우리은행 급여,현대08002회,"₩15,000",필수지출,보험료,지출,FALSE,0,TRUE
2025/08/20 오전 3:33,우리은행 급여,현대08002회,"₩15,000",필수지출,보험료,지출,FALSE,0,TRUE
2025/08/20 오전 3:52,우리카드 카드의 정석,Apple,"₩5,500",선택지출,구독 서비스,지출,FALSE,0,TRUE
2025/08/21 오후 7:53,우리카드 카드의 정석,쿠팡 주식회사,"₩6,170",보류,보류,지출,FALSE,0,TRUE
2025/08/22 오후 10:49,우리카드 카드의 정석,롯데쇼핑(주)롯데슈,"₩3,500",보류,보류,지출,FALSE,0,TRUE
2025/08/23 오후 12:49,우리은행 생활비,에이로브,"₩100,000",보류,보류,지출,FALSE,0,TRUE
2025/08/23 오후 2:39,우리카드 카드의 정석,Apple,"₩6,500",보류,보류,지출,FALSE,0,TRUE
2025/08/24 오후 4:07,우리은행 생활비,한국무역협회새마을금고,"₩1,000",보류,보류,지출,FALSE,0,TRUE
2025/08/24 오후 6:51,우리은행 생활비,한무쇼핑(주),"₩29,000",보류,보류,지출,FALSE,0,TRUE
2025/08/25 오후 11:51,우리카드 카드의 정석,네이버페이,"₩436,500",보류,보류,지출,TRUE,6,TRUE
2025/08/25 오후 11:51,우리카드 카드의 정석,네이버플러스 멤버십 결제,"₩4,900",보류,보류,지출,FALSE,,TRUE
2025/08/26 오전 9:33,우리은행 생활비,주식회사 카카오,₩990,보류,보류,지출,FALSE,0,TRUE
2025/08/26 오후 1:00,우리은행 생활비,(주)중고나라,"₩132,550",보류,보류,지출,FALSE,0,TRUE
2025/08/27 오후 2:36,우리은행 생활비,AliExpress.com,"₩63,587",보류,보류,지출,FALSE,,TRUE
2025/08/27 오후 6:14,우리은행 생활비,국민조정환,"₩3,800",보류,보류,지출,FALSE,,TRUE
2025/08/28 오전 8:16,우리카드 카드의 정석,Ａｐｐｌｅ,"₩1,200",보류,보류,지출,FALSE,0,TRUE
2025/08/28 오후 9:30,우리카드 카드의 정석,주식회사더스윙,"₩5,900",보류,보류,지출,FALSE,0,TRUE
2025/08/28 오후 9:30,우리카드 카드의 정석,주식회사더스윙,₩800,보류,보류,지출,FALSE,0,TRUE
2025/08/28 오후 9:35,우리은행 생활비,ＢＲＯＳＩＳ　（,"₩6,000",보류,보류,지출,FALSE,0,TRUE
2025/08/29 오후 8:19,우리은행 생활비,（주）에스피씨삼,"₩5,000",보류,보류,지출,FALSE,0,TRUE
2025/08/29 오후 8:21,우리은행 생활비,（주）에스피씨삼,"₩7,500",보류,보류,지출,FALSE,0,TRUE
2025/08/29 오후 8:34,우리은행 생활비,네이버페이충전,"₩130,000",보류,보류,지출,FALSE,0,TRUE
2025/08/30 오후 4:01,우리은행 생활비,엘마콘도텔,"₩10,000",보류,보류,지출,FALSE,0,TRUE
2025/08/30 오후 11:58,우리은행 생활비,세비지(SAVAGE),"₩27,000",보류,보류,지출,FALSE,0,TRUE
2025/08/31 오전 12:27,우리은행 생활비,세비지(SAVAGE),"₩8,000",보류,보류,지출,FALSE,0,TRUE
2025/08/31 오전 1:08,우리은행 생활비,세비지(SAVAGE),"₩39,000",보류,보류,지출,FALSE,0,TRUE
2025/09/01 오후 12:14,우리은행 생활비,씨제이올리브영주식회사,"₩20,400",보류,보류,지출,FALSE,0,FALSE
2025/09/02 오후 8:24,우리은행 생활비,세븐틴코인노래연습장,"₩1,000",보류,보류,지출,FALSE,0,FALSE
2025/09/02 오후 8:26,우리은행 생활비,세븐틴코인노래연습장,"₩3,000",보류,보류,지출,FALSE,0,FALSE
2025/05/16 오후 4:00,신한은행 청약,"우리은행 계좌에서 입금(入金)
-청약 ","₩100,000",금융/투자,적금,기타,FALSE,,TRUE
2025/05/16 오후 4:00,우리은행 생활비,"신한은행 계좌로 출금
-청약 ","₩100,000",기타,이체 출금,기타,FALSE,,TRUE
2025/05/16 오후 4:00,우리은행 생활비, 현금 입금,"₩300,000",기타,이체 입금,기타,FALSE,,TRUE
2025/05/16 오후 4:00,현금,"우리은행 계좌로 출금 
-카드값 일부 -신한은행 청약","₩300,000",기타,이체 출금,기타,FALSE,,TRUE
2025/05/17 오후 8:06,우리은행 생활비,카카오뱅크 예금 계좌로 출금,"₩70,000",기타,이체 출금,기타,FALSE,,TRUE
2025/05/17 오후 8:06,카카오뱅크 허브2,우리은행 계좌에서 입금,"₩70,000",기타,이체 입금,기타,FALSE,,TRUE
2025/05/17 오후 8:52,우리은행 생활비,카카오뱅크 예금 계좌로 출금,"₩7,000",기타,이체 출금,기타,FALSE,,TRUE
2025/05/17 오후 8:52,카카오뱅크 허브2,우리은행 계좌에서 입금,"₩7,000",기타,이체 입금,기타,FALSE,,TRUE
2025/05/20 오전 9:00,우리은행 생활비,현금 입금,"₩300,000",기타,이체 입금,기타,FALSE,,TRUE
2025/05/20 오전 9:00,현금,우리은행 계좌로 이체-병원비,"₩300,000",기타,이체 출금,기타,FALSE,,TRUE
2025/05/22 오전 9:00,우리은행 생활비,현금 입금,"₩50,000",기타,이체 입금,기타,FALSE,,TRUE
2025/05/22 오전 9:00,현금,우리은행 계좌로 이체-병원비,"₩50,000",기타,이체 출금,기타,FALSE,,TRUE
2025/05/31 오전 12:00,우리은행 생활비,현금 입금,"₩40,000",기타,이체 입금,기타,FALSE,,TRUE
2025/05/31 오전 12:00,현금,우리은행 계좌로 출금,"₩40,000",기타,이체 출금,기타,FALSE,,TRUE
2025/06/02 오전 5:14,새마을금고 허브,새마을금고 정기 적금 통장으로 이체 -적금 2회차,"₩400,000",금융/투자,적금,기타,FALSE,,TRUE
2025/06/05 오후 4:03,우리은행 생활비,우리카드 5월 카드 대금 결제,"₩1,356,457",기타,카드 대금,기타,FALSE,,TRUE
2025/06/05 오후 7:35,우리은행 생활비,"카카오뱅크 예금 계좌로부터 출금
-5월 중고거래 중 예비 통장에서 땡겨 사용","₩165,000",기타,이체 출금,기타,FALSE,,TRUE
2025/06/05 오후 7:35,카카오뱅크 허브2,우리은행 생활비 계좌로부터 입금,"₩165,000",기타,이체 입금,기타,FALSE,,TRUE
2025/06/10 오전 10:25,현금,우리은행으로 출금,"₩100,000",기타,이체 출금,기타,FALSE,,TRUE
2025/06/10 오전 10:25,우리은행 생활비,현금으로부터 입금,"₩100,000",기타,이체 입금,기타,FALSE,,TRUE
2025/06/11 오전 12:00,우리은행 생활비,대출금 이자> 이수환 카카오뱅크 3333203267413,"₩18,523",기타,이체 출금,기타,FALSE,,TRUE
2025/06/11 오전 12:00,카카오뱅크 허브,대출금 이자 > 이수환 카카오뱅크 3333203267413,"₩18,523",기타,이체 입금,기타,FALSE,,TRUE
2025/06/16 오전 12:00,신한은행 청약,우리-청약저축출금(신한은행 청약저축 계좌) 입금,"₩100,000",금융/투자,적금,기타,FALSE,,TRUE
2025/06/16 오전 12:00,우리은행 생활비,신한-청약저축출금(신한은행 청약저축 계좌) 출금,"₩100,000",기타,이체 출금,기타,FALSE,,TRUE
2025/06/24 오전 10:00,현금,엄마로부터 한강수 병원비 현금 입금,"₩800,000",기타,현금,기타,FALSE,0,TRUE
2025/06/30 오전 5:19,새마을금고 허브,월세 적금,"₩400,000",금융/투자,적금,기타,FALSE,0,TRUE
2025/07/01 오전 12:00,우리은행 생활비,농협 계좌로 이체 교통비,"₩9,300",기타,이체 출금,기타,FALSE,0,TRUE
2025/07/01 오후 4:04,농협은행 교통비,이체 우리 생활비 계좌로부터 교통비,"₩9,300",기타,이체 입금,기타,FALSE,0,TRUE
2025/07/02 오전 10:45,우리은행 급여,우리카드 6월 일시불 선결제,"₩849,290",기타,카드 대금,기타,FALSE,0,TRUE
2025/07/03 오후 10:28,우리은행 생활비,닥터마틴 구매 잔금 이체,"₩40,000",기타,이체 입금,기타,FALSE,0,TRUE
2025/07/03 오후 10:28,우리은행 급여,신발 구매 자금 출금,"₩40,000",기타,이체 출금,기타,FALSE,0,TRUE
2025/07/05 오후 5:03,우리은행 급여,우리카드선결제 기타 우리카드 결제 대금,"₩645,687",기타,카드 대금,기타,FALSE,0,TRUE
2025/07/10 오전 10:34,농협은행 보험,이체 새마을 허브로부터 보험료 입금,"₩3,000,000",기타,이체 입금,기타,FALSE,0,TRUE
2025/07/10 오전 10:34,새마을금고 허브,이체 농협 보험으로 출금,"₩3,000,000",기타,이체 출금,기타,FALSE,0,TRUE
2025/07/11 오후 12:31,우리은행 생활비,카카오뱅크 허브로 대출 이자 이체,"₩20,000",기타,이체 출금,기타,FALSE,0,TRUE
2025/07/11 오후 12:31,카카오뱅크 허브,우리은행 생활비로부터 카카오뱅크 허브로 대출 이자 이체,"₩20,000",기타,이체 입금,기타,FALSE,0,TRUE
2025/07/14 오후 3:48,우리은행 생활비,7월 케이패스 교통비,"₩50,000",기타,이체 출금,기타,FALSE,0,TRUE
2025/07/14 오후 3:48,농협은행 교통비,7월 케이패스 교통비,"₩50,000",기타,이체 입금,기타,FALSE,0,TRUE
2025/07/15 오후 8:12,우리은행 생활비,비상금 대출 이자,"₩20,000",기타,이체 출금,기타,FALSE,0,TRUE
2025/07/15 오후 8:12,카카오뱅크 허브,비상금 대출 이자,"₩20,000",기타,이체 입금,기타,FALSE,0,TRUE
2025/07/16 오전 8:03,우리은행 생활비,신한-청약저축출금,"₩100,000",기타,이체 출금,기타,FALSE,0,TRUE
2025/07/16 오전 8:03,신한은행 청약,신한-청약저축출금,"₩100,000",기타,이체 입금,기타,FALSE,0,TRUE
2025/07/17 오후 5:16,우리은행 생활비,홀리랜드 구매금 입금,"₩400,000",기타,이체 입금,기타,FALSE,0,TRUE
2025/07/17 오후 5:16,우리은행 급여,홀리랜드 구매금 출금,"₩400,000",기타,이체 출금,기타,FALSE,0,TRUE
2025/07/24 오전 11:35,우리은행 급여,농협 교통으로 케이패스 대금 이체,"₩50,000",기타,이체 출금,기타,FALSE,0,TRUE
2025/07/24 오전 11:35,농협은행 교통비,농협 교통으로 케이패스 대금 이체,"₩50,000",기타,이체 입금,기타,FALSE,0,TRUE
2025/08/05 오전 8:28,우리은행 급여,우리은행 생활비 카드대금 출금,"₩923,994",기타,이체 출금,기타,FALSE,0,TRUE
2025/08/05 오전 8:28,우리은행 생활비,우리은행 생활비 카드대금 입금,"₩923,994",기타,이체 입금,기타,FALSE,0,TRUE
2025/08/05 오전 8:29,우리은행 생활비,우리카드 선결제,"₩923,994",기타,카드 대금,기타,FALSE,0,TRUE
2025/08/05 오전 8:33,농협은행 교통비,우리은행 급여 케이패스 입금,"₩50,000",기타,이체 입금,기타,FALSE,0,FALSE
2025/08/05 오전 8:33,우리은행 급여,우리은행 급여 케이패스 출금,"₩50,000",기타,이체 출금,기타,FALSE,0,TRUE
2025/08/13 오전 12:27,우리은행 생활비,내 카카오뱅크→내 우리 이체,"₩10,000",기타,이체 출금,기타,FALSE,0,TRUE
2025/08/13 오전 12:27,카카오뱅크 허브,내 카카오뱅크→내 우리 이체,"₩10,000",기타,이체 입금,기타,FALSE,0,FALSE
2025/08/13 오전 11:22,카카오뱅크 허브,카카이수환 1000원,"₩1,000",기타,이체 입금,기타,FALSE,0,FALSE
2025/08/13 오전 11:22,우리은행 생활비,카카이수환 1000원,"₩1,000",기타,이체 출금,기타,FALSE,0,TRUE
2025/08/18 오전 8:20,우리은행 생활비,신한-청약저축출금,"₩100,000",기타,이체 출금,기타,FALSE,0,TRUE
2025/08/18 오전 8:20,신한은행 청약,신한-청약저축출금,"₩100,000",금융/투자,적금,기타,FALSE,0,FALSE
2025/08/20 오후 1:24,우리은행 생활비,카카이수환,"₩10,000",기타,이체 출금,기타,FALSE,0,TRUE
2025/08/20 오후 1:24,카카오뱅크 허브,카카이수환,"₩10,000",기타,이체 입금,기타,FALSE,0,FALSE
2025/08/20 오후 5:54,우리은행 생활비,이수환,"₩100,000",기타,이체 출금,기타,FALSE,0,TRUE
2025/08/20 오후 5:54,카카오뱅크 허브2,이수환,"₩100,000",기타,이체 입금,기타,FALSE,0,FALSE
2025/08/22 오전 9:37,우리은행 생활비,농협이수환,"₩20,000",보류,보류,기타,FALSE,,TRUE
2025/08/22 오후 2:28,우리은행 생활비,네이버페이충전,"₩20,000",보류,보류,기타,FALSE,,TRUE
2025/05/17 오후 8:52,우리은행 생활비,예금결산이자,₩480,금융/투자,이자,수입,FALSE,,TRUE
2025/05/17 오후 8:52,우리은행 생활비,본인확인,₩1,기타,이체 입금,수입,FALSE,,TRUE
2025/05/20 오전 9:00,현금,엄마로부터 치료비 받음,"₩300,000",기타,현금,수입,FALSE,,TRUE
2025/05/22 오전 9:00,현금,엄마로부터 치료비 받음,"₩50,000",기타,현금,수입,FALSE,,TRUE
2025/05/24 오전 12:00,카카오뱅크 허브2,입출금통장 이자,₩157,금융/투자,이자,수입,FALSE,,TRUE
2025/05/26 오전 10:14,현금,엄마로부터 치료비 받음,"₩50,000",기타,현금,수입,FALSE,,TRUE
2025/06/02 오전 9:45,우리은행 생활비,송지훈에게 dji mic mini 판매,"₩160,000",기타,현금,수입,FALSE,,TRUE
2025/06/02 오후 10:44,새마을금고 허브,김다훈으로부터 월세 입금,"₩400,000",금융/투자,월세,수입,FALSE,,TRUE
2025/06/05 오후 3:14,우리은행 생활비,"영범이로부터 5월 정산금
-코랄리안 & 봉공이","₩1,552,000",금융/투자,급여,수입,FALSE,,TRUE
2025/06/06 오후 1:00,현금,아버지로부터 현금 용돈,"₩50,000",기타,현금,수입,FALSE,,TRUE
2025/06/07 오전 12:00,현금,사돈으로부터 스티키 보크 촬영 정산,"₩100,000",기타,현금,수입,FALSE,,TRUE
2025/06/12 오전 12:00,우리은행 생활비,하이마트 샥 결제 취소 수입> 카드매출취소환급(계좌번호 미확인),"₩29,485",금융/투자,급여,수입,FALSE,,TRUE
2025/06/17 오전 12:00,우리은행 생활비,도봉세무서 수입 계좌명 미확인 계좌번호 미확인,"₩348,600",금융/투자,급여,수입,FALSE,,TRUE
2025/06/19 오전 12:00,우리은행 급여,(주)어메이징스캐너 국민은행 계좌번호미확인,"₩901,500",금융/투자,급여,수입,FALSE,,TRUE
2025/06/21 오전 12:00,우리은행 급여,이자,₩133,기타,이자,수입,FALSE,0,TRUE
2025/06/21 오전 12:00,우리은행 생활비,예금결산이자 동두천지점 계좌번호 미확인,₩18,금융/투자,이자,수입,FALSE,,TRUE
2025/06/21 오전 5:00,새마을금고 허브,결산이자 수입,"₩3,083",금융/투자,이자,수입,FALSE,0,TRUE
2025/06/22 오전 12:00,우리은행 생활비,본인인증 미국유머,₩1,금융/투자,이자,수입,FALSE,null,TRUE
2025/06/29 오전 10:11,농협은행 보험,예금이자,₩503,금융/투자,이자,수입,FALSE,0,TRUE
2025/07/01 오전 12:00,우리은행 급여,(주)어메이징스캐너 6월 급여,"₩2,095,180",금융/투자,급여,수입,FALSE,0,TRUE
2025/07/04 오전 10:18,우리은행 생활비,코랄리안 6월 촬영 입금,"₩970,000",금융/투자,급여,수입,FALSE,0,TRUE
2025/07/05 오후 5:25,새마을금고 허브,의정부 집 김다훈으로부터 입금,"₩400,000",금융/투자,월세,수입,FALSE,0,TRUE
2025/07/09 오전 9:30,우리은행 생활비,도봉구지방소득 지방세 환급,"₩34,860",기타,이체 입금,수입,FALSE,0,TRUE
2025/07/10 오전 10:22,농협은행 교통비,NH K패스환급,"₩3,500",기타,이체 입금,수입,FALSE,0,TRUE
2025/07/17 오후 5:16,우리은행 급여,예금결산이자,"₩2,649",금융/투자,이자,수입,FALSE,0,TRUE
2025/07/19 오전 9:31,우리은행 생활비,예금결산이자 입금,₩29,금융/투자,이자,수입,FALSE,0,TRUE
2025/07/23 오후 12:00,우리은행 급여,우산클립 구매 환급,"₩13,000",기타,이체 입금,수입,FALSE,0,TRUE
2025/07/31 오후 8:10,우리은행 급여,(주)어메이징스캐너,"₩2,095,189",금융/투자,급여,수입,FALSE,0,TRUE
2025/07/31 오후 8:48,우리은행 생활비,김명섭 아트뮤 허브 당근 거래,"₩40,000",기타,이체 입금,수입,FALSE,0,TRUE
2025/08/05 오전 2:00,우리은행 생활비,김영범 코랄리안 입금,"₩1,196,400",금융/투자,급여,수입,FALSE,0,TRUE
2025/08/12 오전 11:07,농협은행 교통비,NHK패스환급,"₩43,370",기타,현금,수입,FALSE,0,FALSE
2025/08/15 오전 9:03,우리은행 생활비,예금결산이자,₩28,금융/투자,이자,수입,FALSE,0,TRUE
2025/08/15 오전 10:00,우리은행 급여,예금결산이자,"₩3,009",금융/투자,이자,수입,FALSE,0,TRUE
2025/08/28 오전 11:03,우리은행 생활비,우리체크캐시백,"₩1,000",보류,보류,수입,FALSE,,TRUE
2025/09/01 오전 2:02,우리은행 급여,(주)어메이징스캐너,"₩200,000",보류,보류,수입,FALSE,0,FALSE
2025/09/01 오전 2:01,우리은행 급여,(주)어메이징스캐너,"₩2,095,180",보류,보류,수입,FALSE,0,FALSE
2025/05/31 오전 5:31,우리카드 카드의 정석,트리루트 삼각대 결제 취소,"₩399,000",선택지출,의류/쇼핑,취소,FALSE,,TRUE
2025/07/15 오전 11:27,우리은행 생활비,알리 취소,"₩65,297",기타,카드 취소,취소,FALSE,0,TRUE